{
    "camera_matrix": [
        [
            853.6969967602088,
            0.0,
            296.8470113053619
        ],
        [
            0.0,
            849.7249745511866,
            263.5596911564831
        ],
        [
            0.0,
            0.0,
            1.0
        ]
    ],
    "distortion_coefficients": [
        [
            -0.6455644917301635,
            -0.22920383507300524,
            -0.03892439690779479,
            0.024787688023044707,
            -0.11724438355094291
        ]
    ],
    "rotation_vectors": [
        [
            0.7177762008228883,
            -0.383782517495831,
            -1.5812336936062383
        ],
        [
            -0.3079347963252947,
            0.7332845248123555,
            -1.504456665449572
        ],
        [
            -0.4699646678582203,
            0.07365245480251033,
            -1.5822875926817104
        ],
        [
            0.2758968945307636,
            -0.6909492712702345,
            -1.4133466330565518
        ],
        [
            -0.21708763914670137,
            -0.10203747345597292,
            -1.5680107242038313
        ],
        [
            0.27819804725389363,
            -0.18310085908649087,
            -1.5775182351344397
        ],
        [
            0.15807432022430504,
            0.22944905751564973,
            -1.573287152778271
        ],
        [
            -0.11051213545444143,
            0.2206672685738466,
            -1.5698485006147913
        ],
        [
            0.04878918695290559,
            -0.003738003095355489,
            -1.58086898064209
        ],
        [
            0.5182356791188454,
            -0.4984856668561067,
            -1.5214671183766424
        ],
        [
            0.587711750279673,
            0.6269002626426436,
            -1.4740644694032832
        ],
        [
            -0.6644368003348776,
            -1.002593419048452,
            -1.028643305221281
        ],
        [
            -0.8208721225960062,
            0.9844663684281207,
            -1.045715226886142
        ],
        [
            0.7450241783872971,
            -0.5940349368018883,
            -1.549925355586209
        ],
        [
            0.7735349480780964,
            -0.6744583966989449,
            -1.5249440751531556
        ],
        [
            0.5630268068117038,
            -0.0934161603799193,
            -1.6397945051346072
        ],
        [
            -0.42725528126394996,
            0.9090830211436288,
            -1.3437905204663203
        ],
        [
            -0.7336288219553188,
            0.369817998673558,
            -1.6087885834769753
        ],
        [
            0.30133694300090086,
            -0.6969817132057055,
            -1.4413816158237918
        ],
        [
            0.689467095985036,
            -0.2590096218539787,
            -1.6491477298191848
        ]
    ],
    "translation_vectors": [
        [
            -4.535076036275585,
            1.0488528112910431,
            16.916604435438586
        ],
        [
            -1.083553824936728,
            -0.4173890415469986,
            22.523389715368104
        ],
        [
            -1.939461111778848,
            3.2636923184318194,
            19.62394406679046
        ],
        [
            -5.165135001642317,
            2.846266265320717,
            18.099519726934343
        ],
        [
            -4.053618824775528,
            3.083534958116814,
            17.55684394659606
        ],
        [
            -5.747978536084719,
            1.8536339215805033,
            19.231792053247396
        ],
        [
            -4.192719277476847,
            0.3641027855654849,
            19.418551356069898
        ],
        [
            -3.6610795735222523,
            2.1208537533916783,
            15.813717818808797
        ],
        [
            -3.99913565144065,
            2.0145666777722333,
            14.46842209548752
        ],
        [
            -0.8939948309137602,
            1.9842040662529299,
            13.729300191371992
        ],
        [
            -3.5551496542778316,
            3.523297220030506,
            18.21825195478655
        ],
        [
            -3.9689701362418925,
            -0.1712985963010944,
            15.860371781178813
        ],
        [
            0.5066746432630987,
            -0.6869886107660357,
            21.501111422924097
        ],
        [
            -1.559659523441295,
            2.162781062618628,
            14.49375206396605
        ],
        [
            -5.552423598476009,
            2.1865512883276765,
            22.01690004083605
        ],
        [
            -5.01731476316827,
            0.5402732103798727,
            25.944774812257165
        ],
        [
            4.529862771183906,
            -3.5240624585987823,
            38.41206772337118
        ],
        [
            5.126291648630972,
            6.734809612924005,
            44.665532340271554
        ],
        [
            -10.897485764668897,
            7.538099684119234,
            47.38333738483215
        ],
        [
            -10.301510801532485,
            -3.3426173439742284,
            41.53542396935779
        ]
    ]
}