{
    "camera_matrix": [
        [
            3522.8383507978074,
            0.0,
            2349.2008991192065
        ],
        [
            0.0,
            3545.645310359797,
            1744.4353951423896
        ],
        [
            0.0,
            0.0,
            1.0
        ]
    ],
    "distortion_coefficients": [
        [
            0.09483031602837731,
            -0.32372924501149797,
            -0.0005473917868680918,
            0.0013327380908414509,
            0.30231761923881606
        ]
    ],
    "rotation_vectors": [
        [
            0.2184478722800586,
            0.025371534070473753,
            1.6374791636240513
        ],
        [
            0.2610353000419025,
            0.1778456058684364,
            1.5554141703553084
        ],
        [
            0.025801273290273822,
            0.02794285911814414,
            1.6310887717318385
        ],
        [
            -0.23028199509788916,
            -0.2712707013672905,
            1.5938522015905465
        ],
        [
            -0.037646625867693226,
            -0.17422102766347217,
            1.557152213000911
        ],
        [
            -0.0013801836688718267,
            -0.14004144917401515,
            1.5482886261820539
        ],
        [
            0.029775638854273402,
            -0.11694255453658545,
            1.5861545641132169
        ],
        [
            0.421173843092505,
            -0.46654886281282804,
            1.5232032973003324
        ],
        [
            0.051107318987111204,
            -0.07124462781206249,
            1.5551516319913743
        ],
        [
            -0.058062035105332935,
            -0.16313541263408196,
            1.5240886334591766
        ],
        [
            0.45266670552114835,
            0.4139286923059039,
            1.5274261995776344
        ],
        [
            0.07463234892154494,
            -0.1817001415978214,
            1.5645298054228618
        ],
        [
            0.03817661515025648,
            -0.09283993426606292,
            1.5703829700753218
        ],
        [
            0.2017937031714222,
            0.052106409667481306,
            1.6086606138230097
        ],
        [
            -0.17438405779235822,
            -0.018977718279804646,
            1.6246044871147602
        ],
        [
            0.13143826301002232,
            0.16381379130339602,
            1.5130653383954045
        ],
        [
            0.003062609932198246,
            0.07301961533378011,
            1.6081268632373462
        ],
        [
            0.19843464864040938,
            0.1486788962344926,
            1.5430437759728186
        ],
        [
            0.215667044822895,
            0.16530065458245313,
            1.5027350707005018
        ],
        [
            0.10203265974392105,
            0.14023552533000894,
            1.531683237129066
        ],
        [
            0.10252046878431142,
            0.11850554910882019,
            1.5831429923764448
        ],
        [
            0.06855432572071371,
            0.00031227722723335195,
            1.562713264450092
        ],
        [
            -0.04654223565139739,
            -0.22352230238389953,
            1.522245945182987
        ],
        [
            -0.05417831913155387,
            -0.1645900220708523,
            1.5496440286903326
        ],
        [
            0.07143384645986743,
            -0.03778526775503384,
            1.6057270155756485
        ],
        [
            0.03225210013118339,
            0.17361740026601163,
            1.5224868876025637
        ],
        [
            0.05446016776425682,
            0.18352103431101774,
            1.537108184564017
        ],
        [
            0.03831712798332153,
            0.1081122353924485,
            1.5580227588779478
        ],
        [
            0.39486593392926167,
            0.05617396519105121,
            1.6405674879446959
        ],
        [
            -0.16759998423347178,
            -0.19123399702108423,
            1.5825226412735327
        ],
        [
            0.07925143721797046,
            0.12109102969330333,
            1.5508090054575845
        ],
        [
            0.1679136716613228,
            -0.0544910556435319,
            1.6475435608675746
        ],
        [
            0.001799079448376279,
            -0.06474004892130594,
            1.561796677057659
        ],
        [
            0.09510663830983998,
            0.11507172194671744,
            1.5258044795200967
        ],
        [
            0.4432820147741939,
            0.33972653973200717,
            1.5195585023999374
        ],
        [
            0.07721181072090516,
            0.0890081794172243,
            1.5334002713459303
        ],
        [
            0.0490773373498453,
            0.0985650597311563,
            1.5421681881010274
        ],
        [
            -0.0031322482704218718,
            0.17584866004475372,
            1.5406355484958318
        ],
        [
            -0.16420688924889973,
            -0.20551341445371724,
            1.5899059742624735
        ],
        [
            0.1284545585734674,
            0.18849721448676046,
            1.4879253470133966
        ],
        [
            -0.009239951277085589,
            -0.0351285862346868,
            1.5742972513198061
        ],
        [
            0.23460993791259752,
            -0.07452550208265098,
            1.5911100906796116
        ],
        [
            0.19045520196947047,
            0.00863454358572551,
            1.609070046943184
        ],
        [
            0.19253895024765083,
            -0.00141157159038379,
            1.6040564055121211
        ],
        [
            0.21754671116786112,
            0.04907965398805894,
            1.6058616561207093
        ],
        [
            0.042493366841346684,
            0.010342802820209204,
            1.5600366721909116
        ],
        [
            0.05194699400974186,
            0.07410705751996503,
            1.529456735677103
        ],
        [
            0.07926650596333487,
            0.13666910303035165,
            1.5363448513694697
        ],
        [
            -0.09945095615544462,
            0.060090477521591974,
            1.5341148591869411
        ]
    ],